{
  "Bleu_1": 0.613261878099455,
  "Bleu_2": 0.4236994116195719,
  "Bleu_3": 0.2800586204511092,
  "Bleu_4": 0.1834560220820554,
  "ROUGE_L": 0.4688432420104321,
  "CIDEr": 0.7160610063149272,
  "SPICE": 0.2003454944965365
}