{
  "Bleu_1": 0.5080651569328162,
  "Bleu_2": 0.31911174929281383,
  "Bleu_3": 0.1918507916613567,
  "Bleu_4": 0.11661196075353769,
  "ROUGE_L": 0.3978895434822892,
  "CIDEr": 0.44506770632831605,
  "SPICE": 0.13557716650375923
}