{
  "Bleu_1": 0.6050253646163122,
  "Bleu_2": 0.4203261512374819,
  "Bleu_3": 0.2813342942610044,
  "Bleu_4": 0.18592201527493646,
  "ROUGE_L": 0.46866225804991746,
  "CIDEr": 0.726310312048903,
  "SPICE": 0.1982232750552131
}