{
  "force_bird_gaussian_captions": {
    "mean": 0.640532374382019,
    "std": 0.0517813041806221
  },
  "force_bird_pd_captions": {
    "mean": 0.6357982158660889,
    "std": 0.05430752784013748
  },
  "force_bird_pdm_captions": {
    "mean": 0.6451311111450195,
    "std": 0.052661776542663574
  },
  "force_bird_pdt_captions": {
    "mean": 0.6375296115875244,
    "std": 0.054736923426389694
  },
  "force_bird_pdtm_captions": {
    "mean": 0.6441254615783691,
    "std": 0.052285727113485336
  },
  "force_bird_plain_captions": {
    "mean": 0.636719286441803,
    "std": 0.0568997859954834
  },
  "gaussian_captions": {
    "mean": 0.6136926412582397,
    "std": 0.05407591536641121
  },
  "gaussian_last_captions": {
    "mean": 0.6027425527572632,
    "std": 0.05462824925780296
  },
  "pd_captions": {
    "mean": 0.5991673469543457,
    "std": 0.0752495527267456
  },
  "pd_last_captions": {
    "mean": 0.6035953164100647,
    "std": 0.05847658962011337
  },
  "pdm_captions": {
    "mean": 0.6293418407440186,
    "std": 0.05817064642906189
  },
  "pdm_last_captions": {
    "mean": 0.6033519506454468,
    "std": 0.05645941197872162
  },
  "pdt_captions": {
    "mean": 0.6208032369613647,
    "std": 0.0604596845805645
  },
  "pdt_last_captions": {
    "mean": 0.6041697859764099,
    "std": 0.05582514405250549
  },
  "pdtm_captions": {
    "mean": 0.6298624277114868,
    "std": 0.05751154571771622
  },
  "pdtm_last_captions": {
    "mean": 0.6021668910980225,
    "std": 0.0574650801718235
  },
  "plain_captions": {
    "mean": 0.5997360944747925,
    "std": 0.056822970509529114
  }
}