{
  "baseline": {
    "mean": 0.5759168863296509,
    "std": 0.061088643968105316
  },
  "gaussian-new-prompt": {
    "mean": 0.5786086916923523,
    "std": 0.06169578433036804
  },
  "pd-new-prompt": {
    "mean": 0.5456889867782593,
    "std": 0.11352645605802536
  },
  "pdm-new-prompt": {
    "mean": 0.5995897054672241,
    "std": 0.06441076844930649
  },
  "pdt-new-prompt": {
    "mean": 0.5815158486366272,
    "std": 0.07733404636383057
  },
  "pdtm-new-prompt": {
    "mean": 0.5991790890693665,
    "std": 0.0648210346698761
  },
  "salient-head-new-norm": {
    "mean": 0.5778205394744873,
    "std": 0.0586773119866848
  },
  "salient_head": {
    "mean": 0.5782815217971802,
    "std": 0.05789634585380554
  },
  "salient_heads_relative": {
    "mean": 0.5767940878868103,
    "std": 0.05908884480595589
  }
}